{"cameraMode":{"drawMode":0,"name":"Shaded","section":"Shading Mode"},"sceneLighting":true,"audioPlay":false,"sceneViewState":{"m_AlwaysRefresh":false,"showFog":true,"showSkybox":true,"showFlares":true,"showImageEffects":true,"showParticleSystems":true,"showVisualEffectGraphs":true,"m_FxEnabled":true},"in2DMode":false,"pivot":{"x":25.329748153686525,"y":12.558947563171387,"z":26.7020263671875},"rotation":{"x":0.692756712436676,"y":-0.003247402375563979,"z":0.0031215755734592678,"w":0.7211636900901794},"size":25.62333106994629,"orthographic":false}